,Distance from Amino Acid (bp),gRNA Sequence,PAM,Strand,G/C Content (%),Off Target Count,Notes
0,-14,AACCAGCTGGCGCTGCAGCT,CGG,reverse,69.57,1,No leading G.
1,-5,CTCCGAGCTGCAGCGCCAGC,TGG,forward,73.91,0,No leading G.
2,-1,CGAAAGGGCCCCAAACCAGC,TGG,reverse,65.22,0,No leading G.
3,0,AGCTGCAGCGCCAGCTGGTT,TGG,forward,65.22,0,No leading G.
4,1,GCTGCAGCGCCAGCTGGTTT,GGG,forward,69.57,0,
5,2,CTGCAGCGCCAGCTGGTTTG,GGG,forward,69.57,0,No leading G.
0,,,,,,,
6,-2,GGTCTGCCGATGCAGCGAAA,GGG,reverse,65.22,0,
7,-1,GGGTCTGCCGATGCAGCGAA,AGG,reverse,65.22,0,
8,3,TTGGGGCCCTTTCGCTGCAT,CGG,forward,65.22,1,No leading G.
9,14,TCGCTGCATCGGCAGACCCG,CGG,forward,73.91,0,No leading G.
10,19,CGACGAAGACCCTACACCGC,GGG,reverse,69.57,0,No leading G.
11,20,TCGACGAAGACCCTACACCG,CGG,reverse,65.22,0,No leading G.
12,20,CATCGGCAGACCCGCGGTGT,AGG,forward,69.57,0,No leading G.
13,21,ATCGGCAGACCCGCGGTGTA,GGG,forward,69.57,0,No leading G.
14,54,CTGCTTCGTGCTCAAAATTT,AGG,forward,43.48,0,No leading G.
