SampleID	SampleName	SampleNumber	Dataset	SequencingChemistry	ForwardReadFileName	ReverseReadFileName	SampleType	ForwardPrimerName	ReversePrimerName	StartPositionEcoli	EndPositionEcoli	ForwardPrimerSequence	ReversePrimerSequence	PrimerTarget	DischargeRate	pH	ElectricalConductivity	TemperatureCelsius	BacterialAbundance	EcoliCFU	NitrateConcentration	NitriteConcentration	ManganeseConcentration	IronConcentration	OxygenConcentration	TotalOrganicCarbonConcentration
S82	Well_water_T1	Sample_1-1	First	v3 (2 x 300)	S82_R1.fastq	S82_R2.fastq	ground_water	341F	805RN	341	805	CCTACGGGNGGCWGCAG	GACTACNVGGGTATCTAATCC	all_bacteria		7.92	678	9.32	214383	2	1.12	0.01	2.87	0.74	1.03	3.98
S44	Well_water_T5	Sample_1-5	First	v3 (2 x 300)	S44_R1.fastq	S44_R2.fastq	ground_water	341F	805RN	341	805	CCTACGGGNGGCWGCAG	GACTACNVGGGTATCTAATCC	all_bacteria		7.74	698	10.84	194309	2	0.97	0.02	2.93	0.62	0.89	4.72
S152	Well_water_T3	Sample_1-3	First	v3 (2 x 300)	S152_R1.fastq	S152_R2.fastq	ground_water	341F	805RN	341	805	CCTACGGGNGGCWGCAG	GACTACNVGGGTATCTAATCC	all_bacteria		7.94	685	8.12	343482	4	2.95		0.23	0.07	4.98	2.53
S18	Well_water_T4	Sample_1-4	First	v3 (2 x 300)	S18_R1.fastq	S18_R2.fastq	ground_water	341F	805RN	341	805	CCTACGGGNGGCWGCAG	GACTACNVGGGTATCTAATCC	all_bacteria		7.67	723	11.73	179434	0		0.03	8.78	1.94	0.42	8.97
S254	Well_water_T2	Sample_1-2	First	v3 (2 x 300)	S254_R1.fastq	S254_R2.fastq	ground_water	341F	805RN	341	805	CCTACGGGNGGCWGCAG	GACTACNVGGGTATCTAATCC	all_bacteria		7.93	649	5.83	632349	17	4.63	0	0.35	0.09		1.83
S153	Well_water_T6	Sample_1-6	First	v3 (2 x 300)	S153_R1.fastq	S153_R2.fastq	ground_water	341F	805RN	341	805	CCTACGGGNGGCWGCAG	GACTACNVGGGTATCTAATCC	all_bacteria		8.03	683	6.93	493822	23	3.72	0	0.49	0.13	8.87	1.78
S324	Well_water_T1	Sample_2-1	Second	v3 (2 x 300)	S324_R1.fastq	S324_R2.fastq	ground_water	341F	805RN	341	805	CCTACGGGNGGCWGCAG	GACTACNVGGGTATCTAATCC	all_bacteria		6.97	723	13.23	574234	3	0.73	4.3	38.84	10.54	0.27	12.48
S50	Well_water_T3	Sample_2-3	Second	v3 (2 x 300)	S50_R1.fastq	S50_R2.fastq	ground_water	341F	805RN	341	805	CCTACGGGNGGCWGCAG	GACTACNVGGGTATCTAATCC	all_bacteria		7.64	638	5.87	348308	0	5.74	0	2.43	0.47	7.83	2.48
S338	Well_water_T2	Sample_2-2	Second	v3 (2 x 300)	S338_R1.fastq	S338_R2.fastq	ground_water	341F	805RN	341	805	CCTACGGGNGGCWGCAG	GACTACNVGGGTATCTAATCC	all_bacteria		7.54	745	11.79	640348	2	1.03	5.3		9.13	0.41	
S79	Well_water_T5	Sample_2-5	Second	v3 (2 x 300)	S79_R1.fastq	S79_R2.fastq	ground_water	341F	805RN	341	805	CCTACGGGNGGCWGCAG	GACTACNVGGGTATCTAATCC	all_bacteria		7.18	694	8.64	424334	0	2.43	2.1	14.29	3.49	1.23	5.49
S64	Well_water_T4	Sample_2-4	Second	v3 (2 x 300)	S64_R1.fastq	S64_R2.fastq	ground_water	341F	805RN	341	805	CCTACGGGNGGCWGCAG	GACTACNVGGGTATCTAATCC	all_bacteria		7.4	640	6.34	379484	0	4.87	0	3.14	0.82	8.29	2.37
S96	Well_water_T6	Sample_2-6	Second	v3 (2 x 300)	S96_R1.fastq	S96_R2.fastq	ground_water	341F	805RN	341	805	CCTACGGGNGGCWGCAG	GACTACNVGGGTATCTAATCC	all_bacteria		6.94	651	9.13	493803	0	2.17	1.1	21.84	5.63	0.98	5.83
S194	Danube_T1	Sample_3-1	Third	v3 (2 x 300)	S194_R1.fastq	S194_R2.fastq	river	341F	805R	341	805	CCTACGGGNGGCWGCAG	GACTACHVGGGTATCTAATCC	all_bacteria	1734	6.7	598	9.7	5684023	143	3.55	0	0.49	0.12	8.43	3.24
S192	Danube_T6	Sample_3-6	Third	v3 (2 x 300)	S192_R1.fastq	S192_R2.fastq	river	341F	805R	341	805	CCTACGGGNGGCWGCAG	GACTACHVGGGTATCTAATCC	all_bacteria	1649	6.4	703	21.5	8349047	146	3.49	0.2	0.43	0.1	3.34	2.94
S193	Danube_T3	Sample_3-3	Third	v3 (2 x 300)	S193_R1.fastq	S193_R2.fastq	river	341F	805R	341	805	CCTACGGGNGGCWGCAG	GACTACHVGGGTATCTAATCC	all_bacteria	4213	6.5	493	10.8	14735347	973	6.43		0.34	0.07	15.38	
S195	Danube_T4	Sample_3-4	Third	v3 (2 x 300)	S195_R1.fastq	S195_R2.fastq	river	341F	805R	341	805	CCTACGGGNGGCWGCAG	GACTACHVGGGTATCTAATCC	all_bacteria	3784	6.3	524	16.9	11348084	347	5.23	0.02	0.39	0.09	5.98	5.83
S197	Danube_T5	Sample_3-5	Third	v3 (2 x 300)	S197_R1.fastq	S197_R2.fastq	river	341F	805R	341	805	CCTACGGGNGGCWGCAG	GACTACHVGGGTATCTAATCC	all_bacteria	1903	6.6	684	17.3	8943827	132		0.01		0.07	4.23	4.32
S191	Danube_T2	Sample_3-2	Third	v3 (2 x 300)	S191_R1.fastq	S191_R2.fastq	river	341F	805R	341	805	CCTACGGGNGGCWGCAG	GACTACHVGGGTATCTAATCC	all_bacteria	2237	6.7	632	13.4	9438020	123	4.59	0	0.23	0.08	9.23	6.73
